ID #	Title Card Image	Location Image	Show	Season	Episode	Episode Title	Fictional Location	Filming Location 	Address	GPS LAT	GPS LONG	Description	Notes		Neighborhood	Borough	Building Type	
SATC-TV1	https://drive.google.com/file/d/1lf8T6hn7Jy44M0RT1yzIBo9z3VudlTA6/view?usp=share_link		Sex and The City	1	12	Oh Come All Ye Faithful	Big's Church	St. Patrick’s Cathedral	631 5th Ave	40.75882214	-73.97770574	"There he was, wearing Armani on a Sunday. Up until that moment I thought he only believed in the Yankees."			Midtown	Manhattan	Church	
SATC-TV2	https://drive.google.com/file/d/1lf8T6hn7Jy44M0RT1yzIBo9z3VudlTA6/view?usp=share_link		Sex and The City	2	1	Take Me Out To The Ballgame	Yankee Stadium		1 E 161st St	40.83016684	-73.92656416	“Do you know what the odds of catching a fly ball are? I didn’t. But I couldn’t help wondering if they were any higher than finding a relationship that would last.” 			South Bronx	the Bronx	Public Venue	
SATC-TV3	https://drive.google.com/file/d/1lf8T6hn7Jy44M0RT1yzIBo9z3VudlTA6/view?usp=share_link		Sex and The City	2	8	The Man, the Myth, the Viagra	Steve's Bar	Onieal's Bar	174 Grand St	40.72021568	-73.99816015	"I can't have dinner with you. I don't even know you." "You slept with me!" "It's a different thing!"			Nolita	Manhattan	Bar	
SATC-TV4	https://drive.google.com/file/d/1lf8T6hn7Jy44M0RT1yzIBo9z3VudlTA6/view?usp=share_link		Sex and The City	2	18	Ex and the City	Big and Natasha’s Engagement Party	The Plaza Hotel	768 5th Ave	40.76504441	-73.97453706	"Is it possible to transform a once passionate love into something that fits nice and easily onto the friendship shelf? I couldn’t help but wonder, can you be friends with an ex?”			Midtown	Manhattan	Hospitality	
SATC-TV5	https://drive.google.com/file/d/1lf8T6hn7Jy44M0RT1yzIBo9z3VudlTA6/view?usp=share_link		Sex and The City	2	8	The Man, The Myth, The Viagra	Da Marino		220 W 49th St	40.76102174	-73.98502387				Midtown	Manhattan	Dining	
SATC-TV6	https://drive.google.com/file/d/1lf8T6hn7Jy44M0RT1yzIBo9z3VudlTA6/view?usp=share_link		Sex and The City	2	18	Ex and the City	Eleven Madison Park		11 Madison Ave	40.74200267	-73.98648303				Gramercy	Manhattan	Dining	
SATC-TV7	https://drive.google.com/file/d/1lf8T6hn7Jy44M0RT1yzIBo9z3VudlTA6/view?usp=share_link		Sex and The City	3	5	No Ifs, Ands, or Butts	Magnolia Bakery		401 Bleecker St	40.73640773	-74.00512879	"Big wasn't a crush, he was a crash."			West Village	Manhattan	Dining	
SATC-TV8	https://drive.google.com/file/d/1lf8T6hn7Jy44M0RT1yzIBo9z3VudlTA6/view?usp=share_link		Sex and The City	3	15	Hot Child In The City	St. Mark's Comics		51 35th St	40.65770801	-74.00740628		This is not the original location, the original is 11 St. Mark's Place, Manhattan and it closed in 2019.		Industry City	Brooklyn	Retail	
SATC-TV9	https://drive.google.com/file/d/1lf8T6hn7Jy44M0RT1yzIBo9z3VudlTA6/view?usp=share_link		Sex and The City	3	18	Cock-a-Doodle-Do	The Loeb Boathouse		Central Park	40.77511403	-73.96879696				Central Park	Manhattan	Public Park	her fall sent her to the hospital for a tetanus shot
SATC-TV10	https://drive.google.com/file/d/1lf8T6hn7Jy44M0RT1yzIBo9z3VudlTA6/view?usp=share_link		Sex and The City	4	1	The Agony and the Ex-tacy	Il Cantinori		32 E 10th St	40.73273288	-73.99293176				Union Square	Manhattan	Dining	
SATC-TV11	https://drive.google.com/file/d/1lf8T6hn7Jy44M0RT1yzIBo9z3VudlTA6/view?usp=share_link		Sex and The City	4	3	Defining Moments	Monkey Bar		60 E 54th St	40.7600607	-73.97267889				Midtown	Manhattan	Dining	
SATC-TV12	https://drive.google.com/file/d/1lf8T6hn7Jy44M0RT1yzIBo9z3VudlTA6/view?usp=share_link		Sex and The City	4	3	Defining Moments	Tao Uptown		42 E 58th St	40.76288681	-73.9714411				Midtown	Manhattan	Dining	
SATC-TV13	https://drive.google.com/file/d/1lf8T6hn7Jy44M0RT1yzIBo9z3VudlTA6/view?usp=share_link		Sex and The City	6	10	Boy, Interrupted	SoHo House 		29-35 9th Ave	40.74086376	-74.00588005	"I'm Annabelle Bronstein."			Meatpacking District	Manhattan	Public Venue	
SATC-TV14	https://drive.google.com/file/d/1lf8T6hn7Jy44M0RT1yzIBo9z3VudlTA6/view?usp=share_link		Sex and The City	6	14	The Ick Factor	Miranda and Steve's Wedding Venue	Jefferson Market Garden	10 Greenwich Ave	40.73506136	-73.9996163				West Village	Manhattan	Public Park	
SATC-TV15	https://drive.google.com/file/d/1lf8T6hn7Jy44M0RT1yzIBo9z3VudlTA6/view?usp=share_link		Sex and The City	6	17	The Cold War	Pastis		52 Gansevoort St	40.7395129	-74.00695406	"There's ten thousand restaurants in New York and everyone's at Pastis."			Meatpacking District	Manhattan	Dining	
SATC-TV16	https://drive.google.com/file/d/1lf8T6hn7Jy44M0RT1yzIBo9z3VudlTA6/view?usp=share_link		Sex and The City	6	9	A Woman's Right to Shoes	Mahnolo Blahnik		31 West 54th St	40.7621589	-73.97710905	“You can take my Fendi baguette, you can take my ring and my watch, but please don’t take my Manolo Blahniks”.	The original establishment is now closed. 		Midtown	Manhattan	Retail	
SATC-TV17	https://drive.google.com/file/d/1lf8T6hn7Jy44M0RT1yzIBo9z3VudlTA6/view?usp=share_link		Sex and The City	6	8	The Catch	The Flying Trapeze	Circus Academy New York	Pier 40, 353 West St	40.73038927	-74.01007962	"You're queen of the world!"			West Village	Manhattan	Commercial	
SATC-TV18	https://drive.google.com/file/d/1lf8T6hn7Jy44M0RT1yzIBo9z3VudlTA6/view?usp=share_link		Sex and The City				Carrie's Apartment		64 Perry St	40.73548126	-74.00362396	"I couldn't help but wonder..." 			West Village	Manhattan	Private Residence	
SATC-TV19	https://drive.google.com/file/d/1lf8T6hn7Jy44M0RT1yzIBo9z3VudlTA6/view?usp=share_link		Sex and The City				Charlotte's Gallery	Louis K. Meisel Gallery	141 Prince St	40.72636002	-74.00046673				SoHo	Manhattan	Retail	
FRNDS-TV1	https://drive.google.com/file/d/1ncgLd4oRFItMba3_uqcHqv-PbEQHI4vy/view?usp=share_link		Friends	1	15	The One With The Stoned Guy	Solow Building		9 West 57th St	40.76412431	-73.97499343				Midtown	Manhattan	Commericial	
FRNDS-TV2	https://drive.google.com/file/d/1ncgLd4oRFItMba3_uqcHqv-PbEQHI4vy/view?usp=share_link		Friends	2	2	The One With The Breast Milk	Saks 5th Avenue		12 East 49th St	40.75762319	-73.97696489	"Bijan for men? ‘It’s like the mothership is calling you home’"			Midtown	Manhattan	Commericial	
FRNDS-TV3	https://drive.google.com/file/d/1ncgLd4oRFItMba3_uqcHqv-PbEQHI4vy/view?usp=share_link		Friends	2	21	The One With The Bullies	Moondance Diner		80 Sixth Ave	40.71912371	-74.00517958		The original establishment is now closed. 		Tribeca	Manhattan	Dining	
FRNDS-TV4	https://drive.google.com/file/d/1ncgLd4oRFItMba3_uqcHqv-PbEQHI4vy/view?usp=share_link		Friends	3	11	The One Where Chandler Can't Remember Which Sister	Bloomingdales		59th St and 1000 Third Ave, Lexington Ave	40.76308587	-73.96706193				Midtown	Manhattan	Commericial	
FRNDS-TV5	https://drive.google.com/file/d/1ncgLd4oRFItMba3_uqcHqv-PbEQHI4vy/view?usp=share_link		Friends	3	22	The One With The Screamer	Lucille Lortel Theatre		121 Christopher St	40.73395672	-74.00577204				West Village	Manhattan	Commericial	
FRNDS-TV6	https://drive.google.com/file/d/1ncgLd4oRFItMba3_uqcHqv-PbEQHI4vy/view?usp=share_link		Friends	4	11	The One With Pheobe's Uterus	Museum of Natural History		200 Central Park W	40.78146523	-73.97395484				Upper West Side	Manhattan	Museum	
FRNDS-TV7	https://drive.google.com/file/d/1ncgLd4oRFItMba3_uqcHqv-PbEQHI4vy/view?usp=share_link		Friends				FRIEND's Apartment		90 Bedford St	40.73268166	-74.00516571				West Village	Manhattan	Private Residence	
FRNDS-TV8	https://drive.google.com/file/d/1ncgLd4oRFItMba3_uqcHqv-PbEQHI4vy/view?usp=share_link		Friends				Central Perk	The Little Owl	90 Bedford St	40.73268166	-74.00516571				West Village	Manhattan	Dining	
FRNDS-TV9	https://drive.google.com/file/d/1ncgLd4oRFItMba3_uqcHqv-PbEQHI4vy/view?usp=share_link		Friends				Cherry Hill Fountain		Central Park	40.77488542	-73.9727444	"I'll be there for you..."			Central Park	Manhattan	Public Park	
FRNDS-TV10	https://drive.google.com/file/d/1ncgLd4oRFItMba3_uqcHqv-PbEQHI4vy/view?usp=share_link		Friends				Phoebe's Apartment		5 Morton St	40.73285331	-74.00354494				West Village	Manhattan	Private Residence	
GSPGRL-TV1	https://drive.google.com/file/d/1E0AZ9Vm-W8oYaqRmGAmm1W4BsLybK0rR/view?usp=share_link		Gossip Girl	1	1	Pilot	Metropolitan Museum of Art		1000 Fifth Ave	40.7794	-73.9631				Upper East Side	Manhattan	Museum	The very place where Blair Waldorf frequently indulges in leisurely lunches with her loyal minions, perched upon its iconic steps.
GSPGRL-TV2	https://drive.google.com/file/d/1E0AZ9Vm-W8oYaqRmGAmm1W4BsLybK0rR/view?usp=share_link		Gossip Girl	1	1	Pilot	Constance Billard School & St. Jude School	Museum of the City of New York	1220 Fifth Ave at 103rd St	40.792556	-73.951944				Upper East Side	Manhattan	Museum	Grand entrance to both Constance Billard School and St. Jude School
GSPGRL-TV3	https://drive.google.com/file/d/1E0AZ9Vm-W8oYaqRmGAmm1W4BsLybK0rR/view?usp=share_link		Gossip Girl	1	1	Pilot	The Humphrey Loft		55 Water St	40.7035408	-73.9919894				Dumbo	Brooklyn	Private Residence	Where the Humphrey's lived
GSPGRL-TV4	https://drive.google.com/file/d/1E0AZ9Vm-W8oYaqRmGAmm1W4BsLybK0rR/view?usp=share_link		Gossip Girl	1	1	Pilot	The Archibald Townhouse		4 E 74th St	40.7733612	-73.9656138				Upper East Side	Manhattan	Private Residence	Where The Archibald's lived
GSPGRL-TV5	https://drive.google.com/file/d/1E0AZ9Vm-W8oYaqRmGAmm1W4BsLybK0rR/view?usp=share_link		Gossip Girl	1	1	Pilot	Grand Central Terminal		89 E 42nd St	40.7733612	-73.977253				Midtown	Manhattan	Public Venue	Where Serena shows back up, featured a lot
GSPGRL-TV6	https://drive.google.com/file/d/1E0AZ9Vm-W8oYaqRmGAmm1W4BsLybK0rR/view?usp=share_link		Gossip Girl	1	1	Pilot	Lotte New York Palace	The New York Palace Hotel	455 Madison Ave	40.7579803	-73.974769				Midtown	Manhattan	Commericial	Fictionally owned by Chuck Bass’ father. In episode 1, Chuck orders an off-menu truffle grilled cheese to seduce a drunken Woodsen.
GSPGRL-TV7	https://drive.google.com/file/d/1E0AZ9Vm-W8oYaqRmGAmm1W4BsLybK0rR/view?usp=share_link		Gossip Girl	1	7	Desperately Seeking Serena	Hunter College		Park Avenue 695	40.76784	-73.964529				Upper East Side	Manhattan	Commericial	the crew took the SATs and Dan found out Serena has somebody else take her test for her.
GSPGRL-TV8	https://drive.google.com/file/d/1E0AZ9Vm-W8oYaqRmGAmm1W4BsLybK0rR/view?usp=share_link		Gossip Girl	1	18	Much "I Do" About Nothing	Cooper Hewitt Smithsonian Design Museum		2 E 91st St	40.784396	-73.957873				Upper East Side	Manhattan	Museum	Bass / van der Woodsen wedding in the dramatic Season 1 finale.
GSPGRL-TV9	https://drive.google.com/file/d/1E0AZ9Vm-W8oYaqRmGAmm1W4BsLybK0rR/view?usp=share_link		Gossip Girl	2	3	The Dark Night	Saks Fifth Avenue		611 Fifth Ave	40.7580228	-73.97695				Midtown	Manhattan	Commericial	Lots of diff things here
GSPGRL-TV10	https://drive.google.com/file/d/1E0AZ9Vm-W8oYaqRmGAmm1W4BsLybK0rR/view?usp=share_link		Gossip Girl	2	25	The Goodbye Gossip Girl	Blair's Sweet 16	The Plaza Hotel	768 Fifth Ave	40.7640152	-73.97322845				Midtown	Manhattan	Public Venue	Blair's Sweet 16
GSPGRL-TV11	https://drive.google.com/file/d/1E0AZ9Vm-W8oYaqRmGAmm1W4BsLybK0rR/view?usp=share_link		Gossip Girl	3	1	Reversals of Fortune	The Empire Hotel		44 W 63rd St	40.7713368	-73.9826001				Upper West Side	Manhattan	Public Venue	Chuck Bass opens the Empire Hotel
GSPGRL-TV12	https://drive.google.com/file/d/1E0AZ9Vm-W8oYaqRmGAmm1W4BsLybK0rR/view?usp=share_link		Gossip Girl	3	22	Last Tango, Then Paris,	Empire State Building		20 W 34th St	40.7484421	-73.9856589				Midtown	Manhattan	Public Venue	Chuck waits for Blair with ultimatum here
GSPGRL-TV13	https://drive.google.com/file/d/1E0AZ9Vm-W8oYaqRmGAmm1W4BsLybK0rR/view?usp=share_link		Gossip Girl	3	22	Last Tango, Then Paris,	Harry Winston		701 5th Ave	40.7614357	-73.9748617				Midtown	Manhattan	Commericial	Chuck buys ring for blair here and leaves it there
GSPGRL-TV14	https://drive.google.com/file/d/1E0AZ9Vm-W8oYaqRmGAmm1W4BsLybK0rR/view?usp=share_link		Gossip Girl	4	10	Gaslit	Butter		 70 W 45th St	40.7563313	-73.9821945				Midtown	Manhattan	Commericial	This is constantly brought up but Blair eats there this episiode
GSPGRL-TV15	https://drive.google.com/file/d/1E0AZ9Vm-W8oYaqRmGAmm1W4BsLybK0rR/view?usp=share_link		Gossip Girl	4	19	Pretty in Pink	Veselka		144 2nd Ave	40.7289775	-73.9869985				East Village	Manhattan	Commericial	Dan eats there. A lot
GSPGRL-TV16	https://drive.google.com/file/d/1E0AZ9Vm-W8oYaqRmGAmm1W4BsLybK0rR/view?usp=share_link		Gossip Girl	5	13	G.G.	Prince Louis and Blair’s Wedding	St James' Church	865 Madison Ave 	40.7711659	-73.9654174				Upper East Side	Manhattan	Public Venue	Prince Louis and Blair’s Wedding
GSPGRL-TV17	https://drive.google.com/file/d/1E0AZ9Vm-W8oYaqRmGAmm1W4BsLybK0rR/view?usp=share_link		Gossip Girl	6	10	New York, I Love You XOXO	Chuck and Blair's Wedding	Bethesda Fountain	Central Park	40.7741371	-73.9734992				Central Park	Manhattan	Public Venue	Chuck and Blair's Wedding
SNFLD-TV1	https://drive.google.com/file/d/1LkYgH6ImENKYMbU_00co13VyvlGYqsN0/view?usp=share_link		Seinfeld	4	14	The Movie	Gray’s Papaya		2090 Broadway	40.77855831	-73.98154446				Upper West Side	Manhattan	Dining	
SNFLD-TV2	https://drive.google.com/file/d/1LkYgH6ImENKYMbU_00co13VyvlGYqsN0/view?usp=share_link		Seinfeld	6	9	The Secretary	Barneys New York		101 7th Ave	40.74010824	-73.99798877		The original establishment is now closed. 		Midtown	Manhattan	Commericial	
SNFLD-TV3	https://drive.google.com/file/d/1LkYgH6ImENKYMbU_00co13VyvlGYqsN0/view?usp=share_link		Seinfeld	7	6	The Soup Nazi	The Original Soup Kitchen		259A W 55th St	40.76563514	-73.98289999				Midtown	Manhattan	Dining	
SNFLD-TV4	https://drive.google.com/file/d/1LkYgH6ImENKYMbU_00co13VyvlGYqsN0/view?usp=share_link		Seinfeld	8	3	Bizarro Jerry	Reggie's Diner	Munson Diner	West 49th and 11th Ave	40.76548607	-73.99514848				Hell's Kitchen	Manhattan	Dining	
SNFLD-TV5	https://drive.google.com/file/d/1LkYgH6ImENKYMbU_00co13VyvlGYqsN0/view?usp=share_link		Seinfeld	8	22	The Summer of George	Sardi's 		234 West 44th St	40.75833442	-73.98739867				Midtown	Manhattan	Dining	
SNFLD-TV6	https://drive.google.com/file/d/1LkYgH6ImENKYMbU_00co13VyvlGYqsN0/view?usp=share_link		Seinfeld	9	10	The Strike	H&H Bagels		526 Columbus Ave	40.78844754	-73.97263428		This is not the original location, the original was 2239 Broadway.		Upper West Side	Manhattan	Dining	
SNFLD-TV7	https://drive.google.com/file/d/1LkYgH6ImENKYMbU_00co13VyvlGYqsN0/view?usp=share_link		Seinfeld				Monk's Cafe	Tom's Restaurant	2880 Broadway	40.80564458	-73.96541016				Morningside Heights	Manhattan	Dining	
SNFLD-TV8	https://drive.google.com/file/d/1LkYgH6ImENKYMbU_00co13VyvlGYqsN0/view?usp=share_link		Seinfeld				Costanza House		22-37 37th St	40.77306	-73.90827605				Astoria	Queens	Private Residence	
SNFLD-TV9	https://drive.google.com/file/d/1LkYgH6ImENKYMbU_00co13VyvlGYqsN0/view?usp=share_link		Seinfeld				The Improv		358 W 44th St	40.75956412	-73.99134572		The original establishment is now closed. 		Hell's Kitchen	Manhattan	Commericial	
SNFLD-TV10	https://drive.google.com/file/d/1LkYgH6ImENKYMbU_00co13VyvlGYqsN0/view?usp=share_link		Seinfeld				Yankee Stadium		1 E 161st St	40.83016684	-73.92656416				South Bronx	the Bronx	Public Venue	
SNFLD-TV11	https://drive.google.com/file/d/1LkYgH6ImENKYMbU_00co13VyvlGYqsN0/view?usp=share_link		Seinfeld				Jerry's Apartment		129 W 82st St	40.78532676	-73.97665803				Upper West Side	Manhattan	Private Residence	
GIRLS-TV1	https://drive.google.com/file/d/1r2Y-8HJplh-tZk9dPaVyatMcvE2sZVbz/view?usp=share_link		Girls	1	1	Pilot	Murals On 54		63 W 54th St	40.76263836	-73.97798899				Midtown	Manhattan	Dining	
GIRLS-TV2	https://drive.google.com/file/d/1r2Y-8HJplh-tZk9dPaVyatMcvE2sZVbz/view?usp=share_link		Girls	1	10	She Did	Jessa and Thomas-John's Wedding Venue	The Foundry	42-38 9th St	40.75576138	-73.94392974				Long Island City	Queens	Commericial	
GIRLS-TV3	https://drive.google.com/file/d/1r2Y-8HJplh-tZk9dPaVyatMcvE2sZVbz/view?usp=share_link		Girls	1	7	Welcome to Bushwick a.k.a. The Crackcident	McKibbin Lofts		255 McKibbin St	40.7060467	-73.93707004				Bushwick	Brooklyn	Private Residence	
GIRLS-TV4	https://drive.google.com/file/d/1r2Y-8HJplh-tZk9dPaVyatMcvE2sZVbz/view?usp=share_link		Girls	2	4	It's a Shame About Ray	Peter Luger Steakhouse		178 Broadway	40.71011322	-73.96255885				Williamsburg	Brooklyn	Dining	
GIRLS-TV5	https://drive.google.com/file/d/1r2Y-8HJplh-tZk9dPaVyatMcvE2sZVbz/view?usp=share_link		Girls	2	2	Vagina Panic	Tom and Jerry's 		288 Elizabeth St	40.72476067	-73.99318452				East Village	Manhattan	Bar	
GIRLS-TV6	https://drive.google.com/file/d/1r2Y-8HJplh-tZk9dPaVyatMcvE2sZVbz/view?usp=share_link		Girls	2	10	Together	Roberta's Pizza		261 Moore St	40.70787724	-73.93139849				Bushwick	Brooklyn	Dining	
GIRLS-TV7	https://drive.google.com/file/d/1r2Y-8HJplh-tZk9dPaVyatMcvE2sZVbz/view?usp=share_link		Girls	2	5	I Just Want To Be Happy	Joshua's Brownstone		52 South Oxford St	40.6882512	-73.97392899				Fort Greene	Brooklyn	Private Residence	
GIRLS-TV8	https://drive.google.com/file/d/1r2Y-8HJplh-tZk9dPaVyatMcvE2sZVbz/view?usp=share_link		Girls	3	7	Beach House	The Beach House		5795 Rocky Point Road	41.1421434	-72.35141944				East Marion	Long Island	Private Residence	
GIRLS-TV9	https://drive.google.com/file/d/1r2Y-8HJplh-tZk9dPaVyatMcvE2sZVbz/view?usp=share_link		Girls	4	6	Close-Up	Cafe Mogador		133 Wythe Ave	40.72215925	-73.9538456				Williamsburg	Brooklyn	Dining	
GIRLS-TV10	https://drive.google.com/file/d/1r2Y-8HJplh-tZk9dPaVyatMcvE2sZVbz/view?usp=share_link		Girls	4	1	Iowa	Spring Street Natural		62 Spring St	40.72279772	-73.99737107				Soho	Manhattan	Dining	
GIRLS-TV11	https://drive.google.com/file/d/1r2Y-8HJplh-tZk9dPaVyatMcvE2sZVbz/view?usp=share_link		Girls	4	8	Tad & Loreen & Avi & Shanaz	Toby's Estate	Partner's Coffee	125 N 6th St	40.71876274	-73.95499708				Williamsburg	Brooklyn	Dining	
GIRLS-TV12	https://drive.google.com/file/d/1r2Y-8HJplh-tZk9dPaVyatMcvE2sZVbz/view?usp=share_link		Girls	4	9	Daddy Issues	The Gutter		200 N 14th St	40.72298689	-73.95518843				Williamsburg	Brooklyn	Bar	
GIRLS-TV13	https://drive.google.com/file/d/1r2Y-8HJplh-tZk9dPaVyatMcvE2sZVbz/view?usp=share_link		Girls	4	10	Home Birth	Pete's Candy Store		709 Lorimer St	40.71844774	-73.94908523				Williamsburg	Brooklyn	Bar	
GIRLS-TV14	https://drive.google.com/file/d/1r2Y-8HJplh-tZk9dPaVyatMcvE2sZVbz/view?usp=share_link		Girls	5	5	Queen for Two Days	Meow Parlor		43 Essex St	40.71646695	-73.98950427				Lower East Side	Manhattan	Commericial	
GIRLS-TV15	https://drive.google.com/file/d/1r2Y-8HJplh-tZk9dPaVyatMcvE2sZVbz/view?usp=share_link		Girls	6	8	What Will We Do This Time About Adam?	Kellog's Diner		518 Metropolitan Ave	40.71397426	-73.95153572	"Good soup."			Williamsburg	Brooklyn	Dining	
GIRLS-TV16	https://drive.google.com/file/d/1r2Y-8HJplh-tZk9dPaVyatMcvE2sZVbz/view?usp=share_link		Girls				Ray's 	Speedy Romeo's 	376 Classon Ave	40.68992737	-73.95473291				Clinton Hill	Brooklyn	Dining	
GIRLS-TV17	https://drive.google.com/file/d/1r2Y-8HJplh-tZk9dPaVyatMcvE2sZVbz/view?usp=share_link		Girls				Cafe Grumpy		93 Meserole Ave	40.72749709	-73.95365227				Greenpoint	Brooklyn	Dining	
GIRLS-TV18	https://drive.google.com/file/d/1r2Y-8HJplh-tZk9dPaVyatMcvE2sZVbz/view?usp=share_link		Girls				Hannah's Stoop		1616 India St	40.73237179	-73.95529363				Greenpoint	Brooklyn	Private Residence	
GIRLS-TV19	https://drive.google.com/file/d/1r2Y-8HJplh-tZk9dPaVyatMcvE2sZVbz/view?usp=share_link		Girls				Snug Harbor 		1000 Richmond Ter	40.64349104	-74.10242986		This is where the show filmed all scenes that take place in "Iowa."		Staten Island	Staten Island	Public Park	
GIRLS-TV20	https://drive.google.com/file/d/1r2Y-8HJplh-tZk9dPaVyatMcvE2sZVbz/view?usp=share_link		Girls				Lehmann Maupin Gallery		501 W 24th St	40.74876751	-74.00380967				Chelsea	Manhattan	Commericial	
BRDCTY-TV3	https://drive.google.com/file/d/1LMwNnYOuBnT4kOcfP2l6fZGS4JWHxzdA/view?usp=share_link		Broad City	1	4	The Lockout	Grounded Coffee		30 Jane St	40.737965	-74.003487		The original establishment is now closed. 		West Village	Manhattan	Dining	
BRDCTY-TV4	https://drive.google.com/file/d/1LMwNnYOuBnT4kOcfP2l6fZGS4JWHxzdA/view?usp=share_link		Broad City	1	6	Stolen Phone	Magnolia Bakery		401 Bleecker St	40.73688435	-74.00330862	"You guys don't have any wine? Well, what about white wine?"			West Village	Manhattan	Dining	
BRDCTY-TV5	https://drive.google.com/file/d/1LMwNnYOuBnT4kOcfP2l6fZGS4JWHxzdA/view?usp=share_link		Broad City	1	2	Pu$$y Weed	Economy Candy		108 Rivington St	40.72094152	-73.98485626	"I'm an adult, and I'm responsible.... Let's get some candy."			Lower East Side	Manhattan	Dining	
BRDCTY-TV6	https://drive.google.com/file/d/1LMwNnYOuBnT4kOcfP2l6fZGS4JWHxzdA/view?usp=share_link		Broad City	1	3	Working Girls	Package Pickup Center		North Brother Island	40.80146728	-73.89474649	"You'll never get off the island...sorry, I'm watching Shutter Island."			North Brother Island	Queens	Public Venue	
BRDCTY-TV7	https://drive.google.com/file/d/1LMwNnYOuBnT4kOcfP2l6fZGS4JWHxzdA/view?usp=share_link		Broad City	2	10	St Marks	The Meat Sack	KENKA	25 St Marks Place	40.7300064	-73.98623144				East Village	Manhattan	Public Venue	
BRDCTY-TV8	https://drive.google.com/file/d/1LMwNnYOuBnT4kOcfP2l6fZGS4JWHxzdA/view?usp=share_link		Broad City	2	3	Wisdom Teeth	Whole Foods		214 3rd St, Brooklyn, NY 11215	40.67512877	-73.98781999	"Mmm, this is some high class shit!"			Gowanus	Brooklyn	Commerical	
BRDCTY-TV9	https://drive.google.com/file/d/1LMwNnYOuBnT4kOcfP2l6fZGS4JWHxzdA/view?usp=share_link		Broad City	2	8	Kirk Steele	Flight 151	Shaffer's 	151 8th Ave	40.74274873	-73.9993198	"This job is putting wristbands on people. Honestly, a fuckin idiot could do it."			Chelsea	Manhattan	Bar	
BRDCTY-TV10	https://drive.google.com/file/d/1LMwNnYOuBnT4kOcfP2l6fZGS4JWHxzdA/view?usp=share_link		Broad City	2	9	Coat Check	The National Arts Club		15 Gramercy Pk S	40.73822553	-73.98430668				Gramercy Park	Manhattan	Commerical	
BRDCTY-TV11	https://drive.google.com/file/d/1LMwNnYOuBnT4kOcfP2l6fZGS4JWHxzdA/view?usp=share_link		Broad City	2	1	In Heat	Baruch College		151 E 25th St #850	40.74093846	-73.98163235	"We're gonna teach you boys about the dangers of ripping underage bongs."			Gramercy Park	Manhattan	Commerical	
BRDCTY-TV12	https://drive.google.com/file/d/1LMwNnYOuBnT4kOcfP2l6fZGS4JWHxzdA/view?usp=share_link		Broad City	2	8	Kirk Steele	Beacon's Closet		74 Guernsey St	40.72456899	-73.94923104	"Remember me? Well, we remember you. 'Cause your hair and lipstick look cute."			Greenpoint	Brooklyn	Commercial	
BRDCTY-TV13	https://drive.google.com/file/d/1LMwNnYOuBnT4kOcfP2l6fZGS4JWHxzdA/view?usp=share_link		Broad City	2	5	Hashtag FOMO	Star On 18 		128 10th Ave	40.74511328	-74.00540344				Chelsea	Manhattan	Dining	
BRDCTY-TV14	https://drive.google.com/file/d/1LMwNnYOuBnT4kOcfP2l6fZGS4JWHxzdA/view?usp=share_link		Broad City	2	6	The Matrix	Dog Wedding		Prospect Park	40.66043706	-73.96837216				Prospect Park	Brooklyn	Public Venue	
BRDCTY-TV15	https://drive.google.com/file/d/1LMwNnYOuBnT4kOcfP2l6fZGS4JWHxzdA/view?usp=share_link		Broad City	2	5	Hashtag FOMO	The Back Room 		102 Norfolk St	40.71990065	-73.9852352				Lower East Side	Manhattan	Bar	
BRDCTY-TV16	https://drive.google.com/file/d/1LMwNnYOuBnT4kOcfP2l6fZGS4JWHxzdA/view?usp=share_link		Broad City	2	3	Wisdom Teeth	42 Squirts	16 Handles	139 N 7th St	40.71910335	-73.95833449				Williamsburg	Brooklyn	Dining	
BRDCTY-TV17	https://drive.google.com/file/d/1LMwNnYOuBnT4kOcfP2l6fZGS4JWHxzdA/view?usp=share_link		Broad City	3	7	B&B NYC	40/40 Club		6 W 25th St	40.74420102	-73.9879847	"In the clurb, we all fam!"	The original establishment is now closed. 		Nomad	Manhattan	Bar	
BRDCTY-TV18	https://drive.google.com/file/d/1LMwNnYOuBnT4kOcfP2l6fZGS4JWHxzdA/view?usp=share_link		Broad City	3	2	Co-Op	Greene Hill Food Co-op		1083 Fulton St	40.68215814	-73.95737142				Clinton Hill	Brooklyn	Commercial	
BRDCTY-TV19	https://drive.google.com/file/d/1LMwNnYOuBnT4kOcfP2l6fZGS4JWHxzdA/view?usp=share_link		Broad City	3	1	Two Chainz	Circus Academy New York		Pier 40, 353 West St	40.73038927	-74.01007962				West Village	Manhattan	Commercial	
BRDCTY-TV20	https://drive.google.com/file/d/1LMwNnYOuBnT4kOcfP2l6fZGS4JWHxzdA/view?usp=share_link		Broad City	4	1	Sliding Doors	Grey Dog		49 Carmine St	40.7310673	-74.00164943				West Village	Manhattan	Dining	
BRDCTY-TV21	https://drive.google.com/file/d/1LMwNnYOuBnT4kOcfP2l6fZGS4JWHxzdA/view?usp=share_link		Broad City	4	3	Just The Tips	Pleasure Chest		156 7th Ave S	40.73644523	-73.99790441				West Village	Manhattan	Commercial	
BRDCTY-TV22	https://drive.google.com/file/d/1LMwNnYOuBnT4kOcfP2l6fZGS4JWHxzdA/view?usp=share_link		Broad City	5	9	Along Came Molly	Washington Square Park		Washington Square	40.73170807	-73.99417346	"Speaking of hearts and souls, y'know the Triangle Shirtwaist Factory over there? Okay 1911, 146 immigrants, mostly women of course, worked in the factory inside. A fire began. They were trapped! They were locked in! If they weren't incinerated alive, they jumped out of the windows, plummeting to their deaths. Sucks."			Union Square	Manhattan	Public Venue	
BRDCTY-TV23	https://drive.google.com/file/d/1LMwNnYOuBnT4kOcfP2l6fZGS4JWHxzdA/view?usp=share_link		Broad City	5	1	Stories	Queens Center		90-15 Queens Blvd	40.73560016	-73.86777987	"Madonna, Rihanna, Ilana, Gadana!"	While the Manhattan Mall provided the exterior for this episode, Queens Center was used for the interior shots. 		Elmhurst	Queens	Commercial	
BRDCTY-TV24	https://drive.google.com/file/d/1LMwNnYOuBnT4kOcfP2l6fZGS4JWHxzdA/view?usp=share_link		Broad City	5	1	Stories	Manhattan Mall		100 W 33rd St	40.75063108	-73.98677164	"Madonna, Rihanna, Ilana, Gadana!"	The original establishment is now closed. 		Midtown	Manhattan	Commercial	
BRDCTY-TV25	https://drive.google.com/file/d/1LMwNnYOuBnT4kOcfP2l6fZGS4JWHxzdA/view?usp=share_link		Broad City	5	10	Broad City	Brooklyn Bridge			40.70645962	-73.99704224					Manhattan	Transportation	
BRDCTY-TV26	https://drive.google.com/file/d/1LMwNnYOuBnT4kOcfP2l6fZGS4JWHxzdA/view?usp=share_link		Broad City	5	1	Stories	Morris-Jumel Mansion		65 Jumel Terrace	40.83554234	-73.9333602	"This has been here the whole time! Sittin here!"			Washington Heights	Manhattan	Museum	
BRDCTY-TV27	https://drive.google.com/file/d/1LMwNnYOuBnT4kOcfP2l6fZGS4JWHxzdA/view?usp=share_link		Broad City	5	1	Stories	Russ & Daughters Cafe		127 Orchard St	40.7200572	-73.98948597				Lower East Side	Manhattan	Dining	
BRDCTY-TV28	https://drive.google.com/file/d/1LMwNnYOuBnT4kOcfP2l6fZGS4JWHxzdA/view?usp=share_link		Broad City				Bed Bath and Beyond		620 6th Ave	40.739899	-73.994698	"Bed, Bath, and Beyond coupons never expire!"	The original establishment is now closed. 		Union Square	Manhattan	Commerical	
BRDCTY-TV29	https://drive.google.com/file/d/1LMwNnYOuBnT4kOcfP2l6fZGS4JWHxzdA/view?usp=share_link		Broad City				Sushi Mambeaux	Sea Thai	114 N 6th St	40.71945308	-73.95311641	“Just because Sex and the City filmed here 25 years ago one time, doesn’t mean that I need this. So fuck you and your Manhattan restauranteries.”			Williamsburg	Brooklyn	Dining	
BRDCTY-TV30	https://drive.google.com/file/d/1LMwNnYOuBnT4kOcfP2l6fZGS4JWHxzdA/view?usp=share_link		Broad City				Soulstice	Chalk Gyms	193 N 9th St	40.71964824	-73.95294475	"I've cleaned more pubes than you have on your entire body!"			Williamsburg	Brooklyn	Commercial	
HIMYM-TV1	https://drive.google.com/file/d/1nepcsYu4yNOcCSVfQ7Wp-ZRnkrLiS3if/view?usp=share_link		How I Met Your Mother	1	11	The Limo	Gray’s Papaya		2090 Broadway	40.77855831	-73.98154446				Upper West Side	Manhattan	Dining	
HIMYM-TV2	https://drive.google.com/file/d/1nepcsYu4yNOcCSVfQ7Wp-ZRnkrLiS3if/view?usp=share_link		How I Met Your Mother	2	12	First Time In New York	Empire State Building		20 W 34th St	40.74862741	-73.98466662				Midtown	Manhattan	Commercial	
HIMYM-TV3	https://drive.google.com/file/d/1nepcsYu4yNOcCSVfQ7Wp-ZRnkrLiS3if/view?usp=share_link		How I Met Your Mother	4	2	The Best Burger In New York	Corner Bistro		331 W 4th St	40.7381945	-74.00368736				West Village	Manhattan	Dining 	
HIMYM-TV4	https://drive.google.com/file/d/1nepcsYu4yNOcCSVfQ7Wp-ZRnkrLiS3if/view?usp=share_link		How I Met Your Mother	6	8	Natural History	Museum of Natural History		200 Central Park W	40.78146523	-73.97395484				Upper West Side	Manhattan	Museum	
HIMYM-TV5	https://drive.google.com/file/d/1nepcsYu4yNOcCSVfQ7Wp-ZRnkrLiS3if/view?usp=share_link		How I Met Your Mother	7	16	The Drunk Train	The Drunk Train	Long Island Railroad at Penn Station	7th Ave and W 31st St	40.7503557	-73.99300704	"The “drunk train" is full of a bunch of drunk, sloppy idiots fresh off a night of partying in the city just desperate to hook up with anything that moves.” 			Midtown	Manhattan	Transportation	
HIMYM-TV6	https://drive.google.com/file/d/1nepcsYu4yNOcCSVfQ7Wp-ZRnkrLiS3if/view?usp=share_link		How I Met Your Mother				McLaren's Pub	McGee's Pub	240 W 55th St	40.76494561	-73.98273551				Midtown	Manhattan	Bar	
HIMYM-TV7	https://drive.google.com/file/d/1nepcsYu4yNOcCSVfQ7Wp-ZRnkrLiS3if/view?usp=share_link		How I Met Your Mother				Columbia University		116th and Broadway	40.80790489	-73.96124771				Morningside Heights	Manhattan	Commercial	
HIMYM-TV8	https://drive.google.com/file/d/1nepcsYu4yNOcCSVfQ7Wp-ZRnkrLiS3if/view?usp=share_link		How I Met Your Mother				Ted and Marshall’s Apartment		150 W 85th St	40.7865011	-73.97459197				Upper West Side	Manhattan	Private Residence	
HIMYM-TV9	https://drive.google.com/file/d/1nepcsYu4yNOcCSVfQ7Wp-ZRnkrLiS3if/view?usp=share_link		How I Met Your Mother				Goliath National Bank 	MetLife Building	200 Park Ave	40.75368837	-73.97622551				Midtown	Manhattan	Commercial	
HIMYM-TV10	https://drive.google.com/file/d/1nepcsYu4yNOcCSVfQ7Wp-ZRnkrLiS3if/view?usp=share_link		How I Met Your Mother				World Wide News	McGraw-Hill Building	1221 Avenue of the Americas	40.75943186	-73.98175678				Midtown	Manhattan	Commercial	
MADMEN-TV1	https://drive.google.com/file/d/1ERyZp7FSOwd3TYNwjn694pzJVMRo6D7o/view?usp=share_link		Mad Men	1	7	Red In The Face	Grand Central Oyster Bar		89 E 42nd St	40.7530335	-73.9780322				Midtown 	Manhattan	Dining	
MADMEN-TV2	https://drive.google.com/file/d/1ERyZp7FSOwd3TYNwjn694pzJVMRo6D7o/view?usp=share_link		Mad Men	1	8	The Hobo Code	PJ Clarke's		915 3rd Ave	40.75966819	-73.96816603				Midtown 	Manhattan	Dining	
MADMEN-TV3	https://drive.google.com/file/d/1ERyZp7FSOwd3TYNwjn694pzJVMRo6D7o/view?usp=share_link		Mad Men	2	5	The New Girl	Sardi's 		234 W 44th St	40.75796751	-73.98762773				Midtown 	Manhattan	Dining	
MADMEN-TV4	https://drive.google.com/file/d/1ERyZp7FSOwd3TYNwjn694pzJVMRo6D7o/view?usp=share_link		Mad Men	3	12	The Grown Ups	Keen's Steakhouse		72 W 36th St	40.7509405	-73.98605341				Midtown 	Manhattan	Commercial	
MADMEN-TV5	https://drive.google.com/file/d/1ERyZp7FSOwd3TYNwjn694pzJVMRo6D7o/view?usp=share_link		Mad Men	4	5	The Chrysanthemum and the Sword	Benihana		47 W 56th St	40.76362005	-73.9767248				Midtown 	Manhattan	Dining	
MADMEN-TV6	https://drive.google.com/file/d/1ERyZp7FSOwd3TYNwjn694pzJVMRo6D7o/view?usp=share_link		Mad Men	4	8	The Summer Man	Barbetta		321 W 46th St	40.76051074	-73.98882364				Midtown 	Manhattan	Dining	
MADMEN-TV7	https://drive.google.com/file/d/1ERyZp7FSOwd3TYNwjn694pzJVMRo6D7o/view?usp=share_link		Mad Men	4	11	Chinese Wall	Jones Beach State Park		Jones Boardwalk	40.59524199	-73.51455937				Wantagh	Long Island	Public Park	
MADMEN-TV8	https://drive.google.com/file/d/1ERyZp7FSOwd3TYNwjn694pzJVMRo6D7o/view?usp=share_link		Mad Men	5	7	At The Beginning	Minetta Tavern		113 MacDougal St	40.73015068	-74.00065869	“The steaks are supposed to be good here."			Midtown 	Manhattan	Dining	
MADMEN-TV9	https://drive.google.com/file/d/1ERyZp7FSOwd3TYNwjn694pzJVMRo6D7o/view?usp=share_link		Mad Men	6	7	Man With A Plan	The Sherry Netherland Hotel		781 5th Ave	40.76450737	-73.97246406				Midtown 	Manhattan	Dining	
MADMEN-TV10	https://drive.google.com/file/d/1ERyZp7FSOwd3TYNwjn694pzJVMRo6D7o/view?usp=share_link		Mad Men				Sterling Cooper Draper Pryce	The Time Life Building	1271 Avenue of the Americas	40.76131715	-73.98192075				Midtown 	Manhattan	Commercial	
MADMEN-TV11	https://drive.google.com/file/d/1ERyZp7FSOwd3TYNwjn694pzJVMRo6D7o/view?usp=share_link		Mad Men				Sterling Cooper		405 Madison Ave	40.75640241	-73.97601832				Midtown 	Manhattan	Commercial	
SPRNOS-TV1	https://drive.google.com/file/d/1uIHHlYTweJsRlkZZLybNomJngFlQMOpK/view?usp=share_link		The Sopranos				Tony Soprano's House		14 Aspen Drive, Caldwell	40.86819004	-74.24522658				Caldwell	New Jersey	Private Residence	
SPRNOS-TV2	https://drive.google.com/file/d/1uIHHlYTweJsRlkZZLybNomJngFlQMOpK/view?usp=share_link		The Sopranos				Bada Bing!	Satin Dolls	230 NJ-17, Lodi	40.88222475	-74.0666677				Lodi	New Jersey	Commercial	
SPRNOS-TV3	https://drive.google.com/file/d/1uIHHlYTweJsRlkZZLybNomJngFlQMOpK/view?usp=share_link		The Sopranos				Pine Barrens		Harriman State Park	41.18088268	-74.14968376					New York	Public Park	
SPRNOS-TV4	https://drive.google.com/file/d/1uIHHlYTweJsRlkZZLybNomJngFlQMOpK/view?usp=share_link		The Sopranos				Livia Soprano's House		55 Gould Street, Verona	40.83533999	-74.24521105				Verona	New Jersey	Private Residence	
SPRNOS-TV5	https://drive.google.com/file/d/1uIHHlYTweJsRlkZZLybNomJngFlQMOpK/view?usp=share_link		The Sopranos				Satriale’s Pork Store	Centanni's Meat Market	815 2nd Ave, Elizabeth	40.65865987	-74.20357892		Note: The real location of most of the exterior shots of Satriale's was filmed at a vacant storefront set at 101 Kearny Ave in Kearny, New Jersey.		Elizabethport	New Jersey	Dining	
SPRNOS-TV6	https://drive.google.com/file/d/1uIHHlYTweJsRlkZZLybNomJngFlQMOpK/view?usp=share_link		The Sopranos				Bucco’s Vesuvio	Del Porto Ristorante	91 Elizabeth St, Elizabethport	40.71861839	-73.99614973	“It was a great home away from home."			Elizabethport	New Jersey	Dining	
SPRNOS-TV7	https://drive.google.com/file/d/1uIHHlYTweJsRlkZZLybNomJngFlQMOpK/view?usp=share_link		The Sopranos				Pizza Land		260 Belleville Turnpike, North Arlington	40.78230758	-74.13656522				North Arlington	New Jersey	Dining	
SPRNOS-TV8	https://drive.google.com/file/d/1uIHHlYTweJsRlkZZLybNomJngFlQMOpK/view?usp=share_link		The Sopranos				Averna Social Club	Mulberry Street Bar	176 1/2 Mulberry St	40.72022671	-73.9962584				Chinatown	New York	Dining	
SPRNOS-TV9	https://drive.google.com/file/d/1uIHHlYTweJsRlkZZLybNomJngFlQMOpK/view?usp=share_link		The Sopranos				Green Grove Retirement Home	Green Hill Retirement Home	103 Pleasant Valley Way, West Orange	40.82174791	-74.25420588				West Orange	New Jersey	Private Residence	
SPRNOS-TV10	https://drive.google.com/file/d/1uIHHlYTweJsRlkZZLybNomJngFlQMOpK/view?usp=share_link		The Sopranos				Lollipop Club/Crazy Horse	Temple Rock	90 Verona Ave, Newark	40.7797569	-74.15568365				Newark	New Jersey	Dining	
SPRNOS-TV11	https://drive.google.com/file/d/1uIHHlYTweJsRlkZZLybNomJngFlQMOpK/view?usp=share_link		The Sopranos				Nuovo Vesuvio		41-15 34th Ave	40.75659457	-73.91954361				Astoria	Queens	Dining	
30ROCK-TV1	https://drive.google.com/file/d/1Nb9gewZwvmfNdV7lvc4GtDesGL6VaDtf/view?usp=share_link		30 Rock	1	1	Pilot	Dark Sensations	Show Palace Strip Club	42-50 21st St	40.75122441	-73.94514977				Long Island City	Manhattan	Commerical	
30ROCK-TV2	https://drive.google.com/file/d/1Nb9gewZwvmfNdV7lvc4GtDesGL6VaDtf/view?usp=share_link		30 Rock	1	3	Blind Date	Café des Artistes	Leopard at des Artistes 	1 W 67th St	40.7736207	-73.97816509		Note: The original establishment closed down and reopened under the new name "Leopard at des Artistes."		Upper West Side	Manhattan	Restaurant	
30ROCK-TV3	https://drive.google.com/file/d/1Nb9gewZwvmfNdV7lvc4GtDesGL6VaDtf/view?usp=share_link		30 Rock	1	17	The Fighting Irish	Kenny's Church	Margon	136 W 46th St	40.7580364	-73.98355421	Home of Kenneth's "Eighth Day Resurrected Covenant of the Holy Trinity."			Midtown	Manhattan	Restaurant	
30ROCK-TV4	https://drive.google.com/file/d/1Nb9gewZwvmfNdV7lvc4GtDesGL6VaDtf/view?usp=share_link		30 Rock	1	19	Corporate Crush	Christie's Auction House		20 Rockefellar Plaza	40.75977775	-73.98028049				Midtown	Manhattan	Commerical	
30ROCK-TV5	https://drive.google.com/file/d/1Nb9gewZwvmfNdV7lvc4GtDesGL6VaDtf/view?usp=share_link		30 Rock	2	14	Sandwich Day	Fiore's Deli		414 Adams St #2693	40.74498569	-74.02717659				Hoboken	New Jersey	Restaurant	
30ROCK-TV6	https://drive.google.com/file/d/1Nb9gewZwvmfNdV7lvc4GtDesGL6VaDtf/view?usp=share_link		30 Rock	3	11	St. Valentine's Day	Plunder	Serendipity 3	225 E 60th St	40.76254686	-73.96497983				Midtown	Manhattan	Restaurant	
30ROCK-TV7	https://drive.google.com/file/d/1Nb9gewZwvmfNdV7lvc4GtDesGL6VaDtf/view?usp=share_link		30 Rock	6	9	Leap Day	Benihana		47 W 56th St	40.76361195	-73.9763191				Midtown	Manhattan	Restaurant	
30ROCK-TV8	https://drive.google.com/file/d/1Nb9gewZwvmfNdV7lvc4GtDesGL6VaDtf/view?usp=share_link		30 Rock	6	9	Leap Day	Citarella		424 6th Ave	40.73505079	-73.99425371	The only place to "buy the biggest rhubarb there is.”			West Village	Manhattan	Restaurant	
30ROCK-TV9	https://drive.google.com/file/d/1Nb9gewZwvmfNdV7lvc4GtDesGL6VaDtf/view?usp=share_link		30 Rock	7	12	Last Lunch	Blimpie's		558-560 Newark Ave	40.73170627	-74.0561078				Jersey City	New Jersey	Restaurant	
30ROCK-TV10	https://drive.google.com/file/d/1Nb9gewZwvmfNdV7lvc4GtDesGL6VaDtf/view?usp=share_link		30 Rock				"30 Rock"		30 Rockefeller Plaza	40.75958482	-73.98010449		Note: While named after the famous Midtown studios, most of the "30 Rock" interior was shot at Silvercup Studios in Long Island City.		Midtown	Manhattan	Commerical	
30ROCK-TV11	https://drive.google.com/file/d/1Nb9gewZwvmfNdV7lvc4GtDesGL6VaDtf/view?usp=share_link		30 Rock				Liz Lemon's Apartment		160 Riverside Dr	40.79142026	-73.97904213				Upper West Side	Manhattan	Private Rresidence	